address,label
شارع العربي، أول مدينة نصر،  رقم 20,1
شارع الفتح، مصر القديمة،  رقم 75,1
شارع البحر، الجمالية،  رقم 39,1
شارع الشهداء، التجمع الاول،  رقم 27,1
شارع الفتح، دار السلام،  رقم 96,1
شارع البحر، الساحل،  رقم 36,1
شارع البحر، التجمع الاول،  رقم 40,1
شارع الفتح، ثالث القاهره الجديده،  رقم 96,1
شارع الشهداء، الزيتون،  رقم 68,1
شارع ، باب الشعرية،  رقم 63,1
شارع الشهداء، ثالث القاهره الجديده،  رقم 20,1
شارع العربي، الدرب الاحمر،  رقم 4,1
شارع الفتح، حدائق القبة،  رقم 43,1
شارع البحر، التبين،  رقم 3,1
شارع الفتح، أول مدينة نصر،  رقم 68,1
شارع البحر، الشرابية،  رقم 51,1
شارع السلام، مدينه بدر،  رقم 79,1
شارع ، الزمالك،  رقم 27,1
شارع العربي، خمسة عشر مايو،  رقم 30,1
شارع العربي، التجمع الخامس،  رقم 12,1
شارع البحر، الجمالية،  رقم 37,1
شارع الشهداء، الخليفة،  رقم 93,1
شارع الفتح، الشرابية،  رقم 93,1
شارع السلام، المعادى،  رقم 92,1
شارع السلام، المرج،  رقم 12,1
شارع ، المعصرة،  رقم 44,1
شارع السلام، الجمالية،  رقم 71,1
شارع ، مصر الجديدة،  رقم 15,1
شارع الشهداء، خمسة عشر مايو،  رقم 5,1
شارع ، أول السلام،  رقم 96,1
شارع العربي، عابدين،  رقم 98,1
شارع السلام، ثان مدينة نصر،  رقم 88,1
شارع الفتح، دار السلام،  رقم 61,1
شارع السلام، ثان السلام،  رقم 96,1
شارع البحر، الشروق،  رقم 91,1
شارع الشهداء، طره،  رقم 88,1
شارع السلام، الساحل،  رقم 10,1
شارع ، التجمع الخامس،  رقم 36,1
شارع السلام، قصر النيل،  رقم 34,1
شارع العربي، المرج،  رقم 67,1
شارع الشهداء، الازبكية،  رقم 96,1
شارع الفتح، الشروق،  رقم 7,1
شارع الفتح، الاميرية،  رقم 88,1
شارع السلام، الظاهر،  رقم 74,1
شارع البحر، خمسة عشر مايو،  رقم 79,1
شارع الشهداء، الزمالك،  رقم 19,1
شارع الفتح، الشروق،  رقم 24,1
شارع البحر، الزاوية الحمراء،  رقم 7,1
شارع الشهداء، عابدين،  رقم 79,1
شارع العربي، التجمع الخامس،  رقم 86,1
شارع السلام، التجمع الاول،  رقم 36,1
شارع الفتح، حلوان،  رقم 26,1
شارع الشهداء، ثان مدينة نصر،  رقم 74,1
شارع العربي، ثالث القاهره الجديده،  رقم 100,1
شارع السلام، المقطم،  رقم 100,1
شارع ، الجمالية،  رقم 91,1
شارع الشهداء، الظاهر،  رقم 74,1
شارع الفتح، منشأة ناصر،  رقم 56,1
شارع العربي، الزمالك،  رقم 87,1
شارع ، حلوان،  رقم 86,1
شارع ، عين شمس،  رقم 23,1
شارع السلام، القطامية،  رقم 16,1
شارع العربي، باب الشعرية،  رقم 79,1
شارع البحر، الخليفة،  رقم 29,1
شارع البحر، قصر النيل،  رقم 65,1
شارع ، بولاق،  رقم 9,1
شارع البحر، السيدة زينب،  رقم 81,1
شارع ، القطامية،  رقم 86,1
شارع البحر، طره،  رقم 65,1
شارع ، مصر الجديدة،  رقم 93,1
شارع ، الساحل،  رقم 50,1
شارع ، أول مدينة نصر،  رقم 39,1
شارع الفتح، قصر النيل،  رقم 62,1
شارع البحر، المعصرة،  رقم 66,1
شارع الفتح، ثان القاهره الجديده،  رقم 74,1
شارع الشهداء، مصر الجديدة،  رقم 96,1
شارع العربي، المرج،  رقم 77,1
شارع الشهداء، بولاق،  رقم 69,1
شارع ، التجمع الاول،  رقم 36,1
شارع السلام، المعادى،  رقم 90,1
شارع البحر، قصر النيل،  رقم 87,1
شارع البحر، مصر الجديدة،  رقم 65,1
شارع البحر، مصر الجديدة،  رقم 91,1
شارع الشهداء، مصر القديمة،  رقم 2,1
شارع ، روض الفرج،  رقم 3,1
شارع البحر، التجمع الخامس،  رقم 58,1
شارع الشهداء، روض الفرج،  رقم 79,1
شارع ، التبين،  رقم 79,1
شارع الفتح، الجمالية،  رقم 95,1
شارع العربي، قصر النيل،  رقم 16,1
شارع الشهداء، حلوان،  رقم 69,1
شارع الفتح، الظاهر،  رقم 54,1
شارع ، الوايلى،  رقم 17,1
شارع الشهداء، المرج،  رقم 36,1
شارع العربي، دار السلام،  رقم 59,1
شارع ، الدرب الاحمر،  رقم 13,1
شارع البحر، الخليفة،  رقم 73,1
شارع العربي، عابدين،  رقم 95,1
شارع العربي، الشرابية،  رقم 78,1
شارع ، دار السلام،  رقم 83,1
شارع ، المقطم،  رقم 79,1
شارع الشهداء، ثان مدينة نصر،  رقم 51,1
شارع ، أول القاهره الجديده،  رقم 96,1
شارع السلام، باب الشعرية،  رقم 40,1
شارع الشهداء، الدرب الاحمر،  رقم 68,1
شارع الفتح، التبين،  رقم 87,1
شارع السلام، النزهة،  رقم 10,1
شارع العربي، مصر الجديدة،  رقم 62,1
شارع السلام، حلوان،  رقم 87,1
شارع البحر، أول القاهره الجديده،  رقم 94,1
شارع العربي، قصر النيل،  رقم 83,1
شارع ، الموسكى،  رقم 98,1
شارع العربي، روض الفرج،  رقم 97,1
شارع الفتح، خمسة عشر مايو،  رقم 93,1
شارع السلام، أول مدينة نصر،  رقم 28,1
شارع العربي، القطامية،  رقم 81,1
شارع الفتح، المقطم،  رقم 61,1
شارع البحر، مدينه بدر،  رقم 88,1
شارع البحر، الجمالية،  رقم 53,1
شارع الفتح، حدائق القبة،  رقم 46,1
شارع الشهداء، طره،  رقم 23,1
شارع السلام، المعصرة،  رقم 62,1
شارع البحر، دار السلام،  رقم 3,1
شارع البحر، الدرب الاحمر،  رقم 14,1
شارع الشهداء، الموسكى،  رقم 10,1
شارع السلام، التجمع الخامس،  رقم 46,1
شارع العربي، طره،  رقم 12,1
شارع البحر، ثالث القاهره الجديده،  رقم 14,1
شارع ، التبين،  رقم 36,1
شارع الفتح، باب الشعرية،  رقم 77,1
شارع ، ثان مدينة نصر،  رقم 10,1
شارع الشهداء، عابدين،  رقم 48,1
شارع الشهداء، ثالث القاهره الجديده،  رقم 45,1
شارع ، المقطم،  رقم 23,1
شارع العربي، باب الشعرية،  رقم 10,1
شارع العربي، ثالث القاهره الجديده،  رقم 50,1
شارع الفتح، عابدين،  رقم 53,1
شارع السلام، أول مدينة نصر،  رقم 63,1
شارع البحر، قصر النيل،  رقم 42,1
شارع البحر، مصر الجديدة،  رقم 3,1
شارع السلام، الظاهر،  رقم 26,1
شارع الشهداء، أول مدينة نصر،  رقم 86,1
شارع الفتح، المعادى،  رقم 1,1
شارع السلام، المطرية،  رقم 28,1
شارع ، دار السلام،  رقم 53,1
شارع ، التجمع الخامس،  رقم 63,1
شارع البحر، أول القاهره الجديده،  رقم 85,1
شارع السلام، أول القاهره الجديده،  رقم 38,1
شارع العربي، المرج،  رقم 6,1
شارع الشهداء، ثان مدينة نصر،  رقم 22,1
شارع العربي، البساتين،  رقم 29,1
شارع الفتح، المعصرة،  رقم 49,1
شارع العربي، عين شمس،  رقم 70,1
شارع الفتح، الوايلى،  رقم 55,1
شارع الشهداء، شبرا،  رقم 13,1
شارع الشهداء، مدينه بدر،  رقم 90,1
شارع الشهداء، أول السلام،  رقم 80,1
شارع البحر، التجمع الخامس،  رقم 44,1
شارع البحر، الوايلى،  رقم 41,1
شارع البحر، أول القاهره الجديده،  رقم 35,1
شارع السلام، روض الفرج،  رقم 65,1
شارع الشهداء، ثان القاهره الجديده،  رقم 45,1
شارع العربي، الزاوية الحمراء،  رقم 33,1
شارع الفتح، دار السلام،  رقم 42,1
شارع البحر، أول مدينة نصر،  رقم 36,1
شارع الفتح، الزيتون،  رقم 79,1
شارع الفتح، الازبكية،  رقم 53,1
شارع الشهداء، المعصرة،  رقم 99,1
شارع السلام، القطامية،  رقم 23,1
شارع السلام، بولاق،  رقم 17,1
شارع ، حلوان،  رقم 96,1
شارع الشهداء، ثالث القاهره الجديده،  رقم 98,1
شارع البحر، المقطم،  رقم 60,1
شارع الشهداء، الاميرية،  رقم 89,1
شارع العربي، مصر الجديدة،  رقم 62,1
شارع الفتح، الازبكية،  رقم 61,1
شارع السلام، أول السلام،  رقم 37,1
شارع البحر، أول مدينة نصر،  رقم 71,1
شارع السلام، دار السلام،  رقم 12,1
شارع الفتح، أول القاهره الجديده،  رقم 96,1
شارع الشهداء، الجمالية،  رقم 96,1
شارع ، قصر النيل،  رقم 36,1
شارع ، قصر النيل،  رقم 77,1
شارع الفتح، مصر القديمة،  رقم 66,1
شارع العربي، الجمالية،  رقم 52,1
شارع ، باب الشعرية،  رقم 34,1
شارع البحر، ثان مدينة نصر،  رقم 97,1
شارع العربي، الشروق،  رقم 53,1
شارع الشهداء، الوايلى،  رقم 95,1
شارع العربي، ثالث القاهره الجديده،  رقم 2,1
شارع العربي، الزيتون،  رقم 33,1
شارع ، ثان مدينة نصر،  رقم 26,1
شارع الشهداء، المطرية،  رقم 42,1
شارع الفتح، أول مدينة نصر،  رقم 22,1
شارع السلام، الوايلى،  رقم 93,1
شارع الفتح، المعادى،  رقم 19,1
شارع ، أول القاهره الجديده،  رقم 78,1
شارع البحر، منشأة ناصر،  رقم 4,1
شارع السلام، الساحل،  رقم 67,1
شارع الفتح، عين شمس،  رقم 82,1
شارع الشهداء، المعصرة،  رقم 26,1
شارع الفتح، الازبكية،  رقم 81,1
شارع السلام، باب الشعرية،  رقم 41,1
شارع البحر، الاميرية،  رقم 57,1
شارع الفتح، الدرب الاحمر،  رقم 84,1
شارع الشهداء، الاميرية،  رقم 99,1
شارع السلام، ثان السلام،  رقم 91,1
شارع البحر، الشروق،  رقم 1,1
شارع الشهداء، حلوان،  رقم 46,1
شارع الشهداء، الدرب الاحمر،  رقم 43,1
شارع السلام، الوايلى،  رقم 20,1
شارع الفتح، الدرب الاحمر،  رقم 30,1
شارع العربي، التبين،  رقم 6,1
شارع ، حدائق القبة،  رقم 48,1
شارع ، الشرابية،  رقم 1,1
شارع العربي، القطامية،  رقم 59,1
شارع ، الموسكى،  رقم 28,1
شارع ، حدائق القبة،  رقم 3,1
شارع البحر، الظاهر،  رقم 10,1
شارع الشهداء، البساتين،  رقم 49,1
شارع البحر، منشأة ناصر،  رقم 2,1
شارع البحر، الموسكى،  رقم 69,1
شارع الشهداء، حلوان،  رقم 2,1
شارع ، قصر النيل،  رقم 16,1
شارع الشهداء، باب الشعرية،  رقم 77,1
شارع الشهداء، أول السلام،  رقم 1,1
شارع السلام، روض الفرج،  رقم 93,1
شارع ، البساتين،  رقم 42,1
شارع العربي، التجمع الاول،  رقم 12,1
شارع البحر، ثالث القاهره الجديده،  رقم 57,1
شارع العربي، المعصرة،  رقم 51,1
شارع العربي، المطرية،  رقم 44,1
شارع ، الزيتون،  رقم 25,1
شارع ، المعادى،  رقم 88,1
شارع السلام، المقطم،  رقم 51,1
شارع البحر، البساتين،  رقم 6,1
شارع البحر، القطامية،  رقم 64,1
شارع العربي، المعصرة،  رقم 83,1
شارع ، الظاهر،  رقم 70,1
شارع البحر، روض الفرج،  رقم 36,1
شارع العربي، بولاق،  رقم 4,1
شارع البحر، النزهة،  رقم 88,1
شارع العربي، بولاق،  رقم 4,1
شارع العربي، الوايلى،  رقم 74,1
شارع الشهداء، الخليفة،  رقم 61,1
شارع البحر، الاميرية،  رقم 76,1
شارع الشهداء، المطرية،  رقم 98,1
شارع الفتح، الزاوية الحمراء،  رقم 66,1
شارع السلام، الساحل،  رقم 67,1
شارع الشهداء، عابدين،  رقم 75,1
شارع السلام، بولاق،  رقم 32,1
شارع البحر، ثان القاهره الجديده،  رقم 82,1
شارع البحر، الشروق،  رقم 41,1
شارع العربي، الزيتون،  رقم 73,1
شارع البحر، الظاهر،  رقم 34,1
شارع الفتح، السيدة زينب،  رقم 44,1
شارع ، المعصرة،  رقم 1,1
شارع ، بولاق،  رقم 74,1
شارع ، ثالث القاهره الجديده،  رقم 28,1
شارع البحر، عابدين،  رقم 40,1
شارع الشهداء، ثان السلام،  رقم 94,1
شارع البحر، حدائق القبة،  رقم 6,1
شارع البحر، منشأة ناصر،  رقم 41,1
شارع السلام، التبين،  رقم 80,1
شارع البحر، القطامية،  رقم 62,1
شارع السلام، النزهة،  رقم 27,1
شارع الفتح، الجمالية،  رقم 9,1
شارع الشهداء، ثان مدينة نصر،  رقم 56,1
شارع العربي، مصر القديمة،  رقم 72,1
شارع الشهداء، الازبكية،  رقم 23,1
شارع السلام، ثالث القاهره الجديده،  رقم 47,1
شارع الشهداء، ثالث القاهره الجديده،  رقم 40,1
شارع السلام، أول القاهره الجديده،  رقم 75,1
شارع ، قصر النيل،  رقم 81,1
شارع البحر، مصر القديمة،  رقم 84,1
شارع ، المعادى،  رقم 68,1
شارع العربي، الزمالك،  رقم 65,1
شارع السلام، الموسكى،  رقم 92,1
شارع الشهداء، السيدة زينب،  رقم 54,1
شارع الشهداء، التجمع الاول،  رقم 13,1
شارع السلام، بولاق،  رقم 4,1
شارع العربي، ثان القاهره الجديده،  رقم 40,1
شارع الشهداء، روض الفرج،  رقم 26,1
شارع السلام، أول السلام،  رقم 61,1
شارع السلام، الزمالك،  رقم 47,1
شارع السلام، حلوان،  رقم 23,1
شارع ، المقطم،  رقم 67,1
شارع ، السيدة زينب،  رقم 84,1
شارع العربي، أول السلام،  رقم 91,1
شارع الفتح، الزمالك،  رقم 9,1
شارع السلام، المعادى،  رقم 36,1
شارع الفتح، أول القاهره الجديده،  رقم 71,1
شارع البحر، باب الشعرية،  رقم 92,1
شارع البحر، منشأة ناصر،  رقم 51,1
شارع العربي، الوايلى،  رقم 29,1
شارع السلام، التبين،  رقم 34,1
شارع الشهداء، الجمالية،  رقم 78,1
شارع الشهداء، عين شمس،  رقم 43,1
شارع الفتح، عابدين،  رقم 86,1
شارع الشهداء، الدرب الاحمر،  رقم 78,1
شارع البحر، حدائق القبة،  رقم 26,1
شارع العربي، حدائق القبة،  رقم 66,1
شارع العربي، المقطم،  رقم 63,1
شارع السلام، عين شمس،  رقم 17,1
شارع الفتح، المقطم،  رقم 62,1
شارع الفتح، المعصرة،  رقم 43,1
شارع الفتح، الازبكية،  رقم 65,1
شارع الفتح، طره،  رقم 89,1
شارع الشهداء، الموسكى،  رقم 6,1
شارع الشهداء، النزهة،  رقم 30,1
شارع العربي، عين شمس،  رقم 60,1
شارع البحر، حدائق القبة،  رقم 65,1
شارع السلام، عابدين،  رقم 73,1
شارع الشهداء، روض الفرج،  رقم 71,1
شارع السلام، الزاوية الحمراء،  رقم 12,1
شارع ، أول القاهره الجديده،  رقم 59,1
شارع ، باب الشعرية،  رقم 3,1
شارع السلام، النزهة،  رقم 84,1
شارع البحر، أول مدينة نصر،  رقم 25,1
شارع السلام، قصر النيل،  رقم 87,1
شارع الشهداء، منشأة ناصر،  رقم 41,1
شارع السلام، عابدين،  رقم 92,1
شارع العربي، ثان القاهره الجديده،  رقم 24,1
شارع العربي، النزهة،  رقم 5,1
شارع ، ثان السلام،  رقم 51,1
شارع العربي، ثان السلام،  رقم 80,1
شارع الفتح، شبرا،  رقم 84,1
شارع الفتح، المقطم،  رقم 74,1
شارع الشهداء، طره،  رقم 51,1
شارع الشهداء، الدرب الاحمر،  رقم 77,1
شارع العربي، مصر الجديدة،  رقم 82,1
شارع البحر، الدرب الاحمر،  رقم 1,1
شارع الفتح، الدرب الاحمر،  رقم 58,1
شارع البحر، عابدين،  رقم 71,1
شارع البحر، التجمع الاول،  رقم 75,1
شارع السلام، روض الفرج،  رقم 23,1
شارع العربي، ثان القاهره الجديده،  رقم 38,1
شارع البحر، الظاهر،  رقم 69,1
شارع العربي، حلوان،  رقم 14,1
شارع العربي، الشروق،  رقم 81,1
شارع ، مصر الجديدة،  رقم 37,1
شارع العربي، النزهة،  رقم 25,1
شارع الشهداء، التجمع الخامس،  رقم 12,1
شارع الشهداء، أول السلام،  رقم 53,1
شارع الشهداء، التجمع الخامس،  رقم 44,1
شارع الشهداء، الشروق،  رقم 51,1
شارع ، الزيتون،  رقم 72,1
شارع البحر، الساحل،  رقم 26,1
شارع الفتح، الازبكية،  رقم 24,1
شارع العربي، القطامية،  رقم 23,1
شارع الفتح، المعادى،  رقم 78,1
شارع السلام، الشروق،  رقم 67,1
شارع السلام، الشرابية،  رقم 92,1
شارع العربي، روض الفرج،  رقم 62,1
شارع ، النزهة،  رقم 5,1
شارع الشهداء، دار السلام،  رقم 86,1
شارع السلام، الدرب الاحمر،  رقم 77,1
شارع ، الجمالية،  رقم 98,1
شارع البحر، طره،  رقم 40,1
شارع الفتح، أول القاهره الجديده،  رقم 71,1
شارع السلام، النزهة،  رقم 24,1
شارع الشهداء، الدرب الاحمر،  رقم 13,1
شارع السلام، المرج،  رقم 79,1
شارع ، المعادى،  رقم 78,1
شارع السلام، الساحل،  رقم 8,1
شارع الشهداء، الازبكية،  رقم 31,1
شارع الفتح، ثالث القاهره الجديده،  رقم 23,1
شارع السلام، الخليفة،  رقم 75,1
شارع الشهداء، أول القاهره الجديده،  رقم 89,1
شارع العربي، التجمع الخامس،  رقم 52,1
شارع الفتح، الازبكية،  رقم 53,1
شارع البحر، منشأة ناصر،  رقم 82,1
شارع البحر، الموسكى،  رقم 69,1
شارع العربي، أول القاهره الجديده،  رقم 5,1
شارع البحر، المطرية،  رقم 32,1
شارع العربي، الزيتون،  رقم 37,1
شارع السلام، الظاهر،  رقم 54,1
شارع الشهداء، الشروق،  رقم 20,1
شارع الشهداء، الظاهر،  رقم 29,1
شارع ، منشأة ناصر،  رقم 11,1
شارع الفتح، الخليفة،  رقم 67,1
شارع الفتح، أول السلام،  رقم 20,1
شارع الفتح، طره،  رقم 4,1
شارع الشهداء، حلوان،  رقم 60,1
شارع ، باب الشعرية،  رقم 16,1
شارع العربي، ثان مدينة نصر،  رقم 30,1
شارع الشهداء، مدينه بدر،  رقم 52,1
شارع الشهداء، شبرا،  رقم 46,1
شارع السلام، الوايلى،  رقم 9,1
شارع الشهداء، ثان القاهره الجديده،  رقم 86,1
شارع الفتح، شبرا،  رقم 69,1
شارع الفتح، عابدين،  رقم 94,1
شارع العربي، المرج،  رقم 30,1
شارع العربي، قصر النيل،  رقم 67,1
شارع ، الزمالك،  رقم 15,1
شارع الفتح، الجمالية،  رقم 31,1
شارع الشهداء، الازبكية،  رقم 65,1
شارع ، التبين،  رقم 79,1
شارع الشهداء، الاميرية،  رقم 43,1
شارع العربي، مصر القديمة،  رقم 28,1
شارع الفتح، المطرية،  رقم 88,1
شارع العربي، السيدة زينب،  رقم 72,1
شارع السلام، بولاق،  رقم 74,1
شارع السلام، المعادى،  رقم 70,1
شارع الشهداء، الوايلى،  رقم 83,1
شارع البحر، بولاق،  رقم 6,1
شارع البحر، القطامية،  رقم 52,1
شارع ، الدرب الاحمر،  رقم 97,1
شارع السلام، المرج،  رقم 20,1
شارع البحر، المقطم،  رقم 59,1
شارع السلام، أول القاهره الجديده،  رقم 61,1
شارع البحر، أول السلام،  رقم 44,1
شارع السلام، الوايلى،  رقم 48,1
شارع العربي، الساحل،  رقم 30,1
شارع الفتح، أول القاهره الجديده،  رقم 60,1
شارع الفتح، روض الفرج،  رقم 39,1
شارع العربي، باب الشعرية،  رقم 73,1
شارع الفتح، الظاهر،  رقم 30,1
شارع ، مصر الجديدة،  رقم 43,1
شارع البحر، حلوان،  رقم 69,1
شارع البحر، الجمالية،  رقم 22,1
شارع البحر، مصر القديمة،  رقم 94,1
شارع الفتح، منشأة ناصر،  رقم 18,1
شارع العربي، عين شمس،  رقم 6,1
شارع ، أول القاهره الجديده،  رقم 4,1
شارع البحر، مصر القديمة،  رقم 66,1
شارع ، الشرابية،  رقم 17,1
شارع ، حدائق القبة،  رقم 24,1
شارع الفتح، عابدين،  رقم 13,1
شارع السلام، ثالث القاهره الجديده،  رقم 89,1
شارع السلام، روض الفرج،  رقم 82,1
شارع السلام، الزاوية الحمراء،  رقم 68,1
شارع البحر، التجمع الخامس،  رقم 70,1
شارع البحر، المرج،  رقم 50,1
شارع العربي، ثان مدينة نصر،  رقم 83,1
شارع السلام، أول مدينة نصر،  رقم 8,1
شارع البحر، ثان القاهره الجديده،  رقم 96,1
شارع السلام، ثالث القاهره الجديده،  رقم 65,1
شارع الشهداء، شبرا،  رقم 87,1
شارع الشهداء، النزهة،  رقم 97,1
شارع العربي، الوايلى،  رقم 35,1
شارع ، أول القاهره الجديده،  رقم 75,1
شارع الفتح، الزيتون،  رقم 99,1
شارع العربي، قصر النيل،  رقم 41,1
شارع ، الزمالك،  رقم 17,1
شارع الفتح، الدرب الاحمر،  رقم 89,1
شارع العربي، الدرب الاحمر،  رقم 18,1
شارع السلام، التجمع الاول،  رقم 77,1
شارع السلام، قصر النيل،  رقم 28,1
شارع السلام، الشروق،  رقم 53,1
شارع البحر، الشروق،  رقم 79,1
شارع ، الساحل،  رقم 81,1
شارع السلام، خمسة عشر مايو،  رقم 20,1
شارع ، القطامية،  رقم 91,1
شارع الفتح، عابدين،  رقم 30,1
شارع الفتح، التجمع الاول،  رقم 52,1
شارع الفتح، روض الفرج،  رقم 51,1
شارع الشهداء، منشأة ناصر،  رقم 51,1
شارع ، الشروق،  رقم 89,1
شارع الشهداء، روض الفرج،  رقم 95,1
شارع الشهداء، المطرية،  رقم 85,1
شارع البحر، روض الفرج،  رقم 83,1
شارع السلام، ثان مدينة نصر،  رقم 65,1
شارع العربي، أول القاهره الجديده،  رقم 36,1
شارع السلام، مصر القديمة،  رقم 76,1
شارع السلام، المرج،  رقم 2,1
شارع البحر، مصر الجديدة،  رقم 89,1
شارع العربي، القطامية،  رقم 85,1
شارع العربي، المطرية،  رقم 76,1
شارع الفتح، الموسكى،  رقم 92,1
شارع الفتح، الساحل،  رقم 69,1
شارع الفتح، المعصرة،  رقم 95,1
شارع العربي، ثان مدينة نصر،  رقم 46,1
شارع البحر، منشأة ناصر،  رقم 33,1
شارع ، أول القاهره الجديده،  رقم 7,1
شارع السلام، السيدة زينب،  رقم 26,1
شارع البحر، قصر النيل،  رقم 34,1
شارع الفتح، التجمع الخامس،  رقم 69,1
شارع الفتح، مدينه بدر،  رقم 72,1
شارع الفتح، الساحل،  رقم 44,1
شارع السلام، الشروق،  رقم 20,1
شارع العربي، أول مدينة نصر،  رقم 31,1
شارع الشهداء، الزاوية الحمراء،  رقم 18,1
شارع السلام، منشأة ناصر،  رقم 50,1
شارع العربي، التجمع الخامس،  رقم 26,1
شارع الفتح، التجمع الاول،  رقم 25,1
شارع الشهداء، الزيتون،  رقم 70,1
شارع البحر، الزاوية الحمراء،  رقم 38,1
شارع ، أول مدينة نصر،  رقم 32,1
شارع العربي، الزيتون،  رقم 38,1
شارع البحر، حدائق القبة،  رقم 84,1
شارع الشهداء، روض الفرج،  رقم 77,1
شارع العربي، المطرية،  رقم 4,1
شارع العربي، حدائق القبة،  رقم 100,1
شارع العربي، أول القاهره الجديده،  رقم 72,1
شارع الشهداء، السيدة زينب،  رقم 70,1
شارع البحر، الساحل،  رقم 16,1
شارع البحر، المعادى،  رقم 69,1
شارع ، النزهة،  رقم 65,1
شارع ، خمسة عشر مايو،  رقم 13,1
شارع الفتح، العصافرة،  رقم 84,0
شارع البحر، فلمنج،  رقم 72,0
شارع الفتح، الساحل الشمالي،  رقم 26,0
شارع ، أبو قير،  رقم 43,0
شارع ، الإسكندرية،  رقم 72,0
شارع العربي، الجمرك،  رقم 12,0
شارع الشهداء، المعمورة،  رقم 46,0
شارع البحر، منشية البكري،  رقم 12,0
شارع البحر، منشية البكري،  رقم 76,0
شارع العربي، أبو قير،  رقم 74,0
شارع العربي، الدخيلة،  رقم 60,0
شارع السلام، العطارين،  رقم 69,0
شارع الفتح، سموحة،  رقم 90,0
شارع العربي، الجمرك،  رقم 43,0
شارع الفتح، أبو قير،  رقم 39,0
شارع العربي، العصافرة،  رقم 32,0
شارع البحر، المنتزه،  رقم 21,0
شارع البحر، العطارين،  رقم 30,0
شارع السلام، الجمرك،  رقم 30,0
شارع السلام، اللبان،  رقم 4,0
شارع الشهداء، السيدة زينب،  رقم 26,0
شارع ، الإسكندرية،  رقم 5,0
شارع السلام، الرملة،  رقم 32,0
شارع العربي، المعمورة،  رقم 49,0
شارع العربي، الإسكندرية،  رقم 83,0
شارع البحر، الدخيلة،  رقم 34,0
شارع ، السيوف،  رقم 21,0
شارع البحر، أبو قير،  رقم 19,0
شارع البحر، الساحل الشمالي،  رقم 98,0
شارع البحر، برج العرب،  رقم 49,0
شارع ، الساحل الشمالي،  رقم 76,0
شارع السلام، المنتزه،  رقم 22,0
شارع العربي، الإسكندرية،  رقم 31,0
شارع السلام، الإسكندرية،  رقم 81,0
شارع البحر، سموحة،  رقم 90,0
شارع الشهداء، السيدة زينب،  رقم 58,0
شارع البحر، أبو قير،  رقم 38,0
شارع ، اللبان،  رقم 38,0
شارع ، العامرية،  رقم 78,0
شارع العربي، المنتزه،  رقم 89,0
شارع العربي، الساحل الشمالي،  رقم 87,0
شارع العربي، الساحل الشمالي،  رقم 7,0
شارع الفتح، العجمي،  رقم 77,0
شارع العربي، اللبان،  رقم 71,0
شارع الشهداء، السيوف،  رقم 89,0
شارع ، السيدة زينب،  رقم 55,0
شارع ، العجمي،  رقم 38,0
شارع ، اللبان،  رقم 9,0
شارع السلام، الجمرك،  رقم 95,0
شارع الشهداء، اللبان،  رقم 19,0
شارع الشهداء، العجمي،  رقم 72,0
شارع الشهداء، العطارين،  رقم 10,0
شارع البحر، برج العرب،  رقم 9,0
شارع السلام، برج العرب،  رقم 30,0
شارع الفتح، العطارين،  رقم 85,0
شارع العربي، العصافرة،  رقم 65,0
شارع الفتح، المعمورة،  رقم 9,0
شارع البحر، أبو قير،  رقم 49,0
شارع الشهداء، السيدة زينب،  رقم 71,0
شارع الشهداء، منشية البكري،  رقم 8,0
شارع العربي، برج العرب،  رقم 16,0
شارع الفتح، الورديان،  رقم 1,0
شارع السلام، المنتزه،  رقم 91,0
شارع السلام، منشية البكري،  رقم 64,0
شارع البحر، العصافرة،  رقم 7,0
شارع البحر، الرملة،  رقم 84,0
شارع البحر، السيدة زينب،  رقم 98,0
شارع الفتح، المعمورة،  رقم 62,0
شارع السلام، العصافرة،  رقم 7,0
شارع العربي، منشية البكري،  رقم 76,0
شارع العربي، برج العرب،  رقم 26,0
شارع الفتح، الورديان،  رقم 61,0
شارع ، العصافرة،  رقم 31,0
شارع الشهداء، منشية البكري،  رقم 88,0
شارع الشهداء، العامرية البحرية،  رقم 89,0
شارع العربي، العجمي،  رقم 59,0
شارع العربي، فلمنج،  رقم 63,0
شارع ، العامرية البحرية،  رقم 66,0
شارع البحر، سموحة،  رقم 10,0
شارع البحر، اللبان،  رقم 23,0
شارع ، الدخيلة،  رقم 99,0
شارع السلام، الإسكندرية،  رقم 44,0
شارع البحر، الدخيلة،  رقم 35,0
شارع البحر، فلمنج،  رقم 8,0
شارع السلام، الورديان،  رقم 97,0
شارع ، السيدة زينب،  رقم 84,0
شارع ، فلمنج،  رقم 68,0
شارع الشهداء، الإسكندرية،  رقم 77,0
شارع البحر، برج العرب،  رقم 95,0
شارع الشهداء، برج العرب،  رقم 56,0
شارع البحر، المنتزه،  رقم 44,0
شارع العربي، المعمورة،  رقم 100,0
شارع العربي، أبو قير،  رقم 16,0
شارع ، الإسكندرية،  رقم 52,0
شارع الشهداء، الرملة،  رقم 32,0
شارع الفتح، السيدة زينب،  رقم 44,0
شارع الشهداء، العامرية البحرية،  رقم 34,0
شارع العربي، العجمي،  رقم 25,0
شارع الشهداء، برج العرب،  رقم 20,0
شارع السلام، فلمنج،  رقم 100,0
شارع البحر، العامرية،  رقم 36,0
شارع الفتح، الرملة،  رقم 49,0
شارع الشهداء، منشية البكري،  رقم 27,0
شارع السلام، الإسكندرية،  رقم 99,0
شارع ، اللبان،  رقم 74,0
شارع الفتح، المنتزه،  رقم 93,0
شارع العربي، الإسكندرية،  رقم 7,0
شارع الشهداء، العامرية،  رقم 3,0
شارع الشهداء، العامرية،  رقم 63,0
شارع ، الجمرك،  رقم 53,0
شارع ، العصافرة،  رقم 94,0
شارع الشهداء، الإسكندرية،  رقم 6,0
شارع السلام، الورديان،  رقم 61,0
شارع العربي، العطارين،  رقم 23,0
شارع السلام، سموحة،  رقم 16,0
شارع السلام، فلمنج،  رقم 17,0
شارع البحر، الجمرك،  رقم 73,0
شارع البحر، الإسكندرية،  رقم 85,0
شارع الفتح، المعمورة،  رقم 46,0
شارع العربي، الإسكندرية،  رقم 12,0
شارع الفتح، فلمنج،  رقم 23,0
شارع الشهداء، المنتزه،  رقم 13,0
شارع الشهداء، فلمنج،  رقم 10,0
شارع السلام، السيدة زينب،  رقم 5,0
شارع العربي، السيوف،  رقم 50,0
شارع ، الساحل الشمالي،  رقم 41,0
شارع البحر، العطارين،  رقم 14,0
شارع الشهداء، العجمي،  رقم 96,0
شارع العربي، الإسكندرية،  رقم 24,0
شارع العربي، كرموز،  رقم 81,0
شارع الشهداء، الرملة،  رقم 59,0
شارع ، برج العرب،  رقم 12,0
شارع العربي، الإسكندرية،  رقم 7,0
شارع البحر، أبو قير،  رقم 8,0
شارع الشهداء، الدخيلة،  رقم 99,0
شارع العربي، العصافرة،  رقم 91,0
شارع الفتح، المعمورة،  رقم 63,0
شارع السلام، السيدة زينب،  رقم 42,0
شارع الشهداء، الساحل الشمالي،  رقم 91,0
شارع العربي، كرموز،  رقم 34,0
شارع الشهداء، المنتزه،  رقم 25,0
شارع البحر، العصافرة،  رقم 90,0
شارع الشهداء، المنتزه،  رقم 87,0
شارع الفتح، العامرية،  رقم 57,0
شارع البحر، المنتزه،  رقم 46,0
شارع البحر، السيدة زينب،  رقم 77,0
شارع البحر، السيدة زينب،  رقم 42,0
شارع العربي، الساحل الشمالي،  رقم 99,0
شارع السلام، العطارين،  رقم 6,0
شارع العربي، العامرية،  رقم 12,0
شارع البحر، سموحة،  رقم 85,0
شارع الشهداء، كرموز،  رقم 4,0
شارع العربي، منشية البكري،  رقم 4,0
شارع الفتح، المعمورة،  رقم 36,0
شارع ، اللبان،  رقم 95,0
شارع الفتح، العامرية،  رقم 65,0
شارع الشهداء، الرملة،  رقم 1,0
شارع العربي، برج العرب،  رقم 34,0
شارع العربي، العطارين،  رقم 5,0
شارع ، العجمي،  رقم 77,0
شارع السلام، فلمنج،  رقم 19,0
شارع العربي، السيوف،  رقم 44,0
شارع ، السيدة زينب،  رقم 92,0
شارع العربي، برج العرب،  رقم 93,0
شارع الشهداء، السيوف،  رقم 45,0
شارع الشهداء، منشية البكري،  رقم 80,0
شارع الفتح، أبو قير،  رقم 74,0
شارع الفتح، العطارين،  رقم 90,0
شارع ، الساحل الشمالي،  رقم 69,0
شارع البحر، أبو قير،  رقم 66,0
شارع الفتح، الدخيلة،  رقم 19,0
شارع البحر، السيدة زينب،  رقم 56,0
شارع السلام، المنتزه،  رقم 69,0
شارع العربي، العامرية البحرية،  رقم 26,0
شارع العربي، الساحل الشمالي،  رقم 5,0
شارع الشهداء، المنتزه،  رقم 67,0
شارع العربي، برج العرب،  رقم 96,0
شارع البحر، منشية البكري،  رقم 70,0
شارع الفتح، الإسكندرية،  رقم 84,0
شارع السلام، الإسكندرية،  رقم 76,0
شارع البحر، العامرية،  رقم 81,0
شارع السلام، المنتزه،  رقم 78,0
شارع ، الساحل الشمالي،  رقم 71,0
شارع ، الساحل الشمالي،  رقم 72,0
شارع الشهداء، المعمورة،  رقم 85,0
شارع الفتح، أبو قير،  رقم 39,0
شارع الفتح، العجمي،  رقم 22,0
شارع ، العصافرة،  رقم 12,0
شارع البحر، السيدة زينب،  رقم 41,0
شارع ، السيوف،  رقم 15,0
شارع الفتح، المنتزه،  رقم 5,0
شارع الشهداء، السيوف،  رقم 8,0
شارع ، الدخيلة،  رقم 93,0
شارع الشهداء، كرموز،  رقم 85,0
شارع السلام، المنتزه،  رقم 29,0
شارع البحر، المعمورة،  رقم 81,0
شارع الشهداء، الرملة،  رقم 100,0
شارع السلام، المعمورة،  رقم 68,0
شارع الشهداء، الدخيلة،  رقم 42,0
شارع ، برج العرب،  رقم 65,0
شارع البحر، السيدة زينب،  رقم 89,0
شارع الفتح، الدخيلة،  رقم 87,0
شارع العربي، الدخيلة،  رقم 30,0
شارع الشهداء، برج العرب،  رقم 42,0
شارع البحر، الورديان،  رقم 22,0
شارع البحر، الجمرك،  رقم 73,0
شارع البحر، برج العرب،  رقم 76,0
شارع الفتح، العصافرة،  رقم 11,0
شارع العربي، كرموز،  رقم 98,0
شارع الشهداء، منشية البكري،  رقم 72,0
شارع ، أبو قير،  رقم 87,0
شارع الشهداء، السيوف،  رقم 6,0
شارع ، العامرية،  رقم 29,0
شارع الشهداء، الساحل الشمالي،  رقم 9,0
شارع الفتح، العجمي،  رقم 99,0
شارع الشهداء، برج العرب،  رقم 90,0
شارع البحر، الإسكندرية،  رقم 70,0
شارع البحر، المعمورة،  رقم 17,0
شارع الشهداء، فلمنج،  رقم 96,0
شارع الفتح، سموحة،  رقم 16,0
شارع ، السيدة زينب،  رقم 67,0
شارع ، سموحة،  رقم 67,0
شارع الشهداء، العامرية البحرية،  رقم 76,0
شارع ، السيوف،  رقم 49,0
شارع الفتح، برج العرب،  رقم 17,0
شارع الفتح، الدخيلة،  رقم 53,0
شارع العربي، برج العرب،  رقم 1,0
شارع العربي، فلمنج،  رقم 84,0
شارع الشهداء، العجمي،  رقم 56,0
شارع الشهداء، السيوف،  رقم 81,0
شارع الفتح، اللبان،  رقم 18,0
شارع السلام، المنتزه،  رقم 2,0
شارع ، منشية البكري،  رقم 20,0
شارع السلام، السيوف،  رقم 54,0
شارع ، الجمرك،  رقم 98,0
شارع السلام، أبو قير،  رقم 82,0
شارع الشهداء، الإسكندرية،  رقم 72,0
شارع البحر، العامرية،  رقم 100,0
شارع ، السيدة زينب،  رقم 2,0
شارع السلام، الرملة،  رقم 85,0
شارع الشهداء، العامرية البحرية،  رقم 62,0
شارع الفتح، المنتزه،  رقم 26,0
شارع الشهداء، السيوف،  رقم 2,0
شارع العربي، السيوف،  رقم 53,0
شارع ، أبو قير،  رقم 8,0
شارع الشهداء، العطارين،  رقم 34,0
شارع العربي، سموحة،  رقم 88,0
شارع الفتح، العصافرة،  رقم 27,0
شارع السلام، الرملة،  رقم 50,0
شارع الفتح، السيوف،  رقم 22,0
شارع العربي، السيوف،  رقم 18,0
شارع البحر، الإسكندرية،  رقم 45,0
شارع ، الإسكندرية،  رقم 76,0
شارع الشهداء، الجمرك،  رقم 45,0
شارع الشهداء، سموحة،  رقم 2,0
شارع ، العجمي،  رقم 21,0
شارع البحر، فلمنج،  رقم 58,0
شارع العربي، الجمرك،  رقم 27,0
شارع الفتح، المنتزه،  رقم 3,0
شارع العربي، الساحل الشمالي،  رقم 22,0
شارع البحر، السيوف،  رقم 44,0
شارع ، الساحل الشمالي،  رقم 65,0
شارع الفتح، الدخيلة،  رقم 72,0
شارع الفتح، المنتزه،  رقم 7,0
شارع البحر، المعمورة،  رقم 36,0
شارع الفتح، العجمي،  رقم 60,0
شارع الشهداء، اللبان،  رقم 53,0
شارع العربي، أبو قير،  رقم 10,0
شارع العربي، الورديان،  رقم 70,0
شارع الفتح، السيدة زينب،  رقم 1,0
شارع السلام، العجمي،  رقم 92,0
شارع البحر، الدخيلة،  رقم 44,0
شارع الشهداء، فلمنج،  رقم 5,0
شارع الفتح، الرملة،  رقم 42,0
شارع البحر، العامرية،  رقم 13,0
شارع البحر، اللبان،  رقم 47,0
شارع الفتح، المعمورة،  رقم 39,0
شارع الشهداء، فلمنج،  رقم 18,0
شارع العربي، الجمرك،  رقم 6,0
شارع العربي، المعمورة،  رقم 35,0
شارع العربي، الإسكندرية،  رقم 59,0
شارع العربي، السيدة زينب،  رقم 38,0
شارع العربي، الدخيلة،  رقم 48,0
شارع الفتح، الورديان،  رقم 4,0
شارع ، فلمنج،  رقم 23,0
شارع السلام، الإسكندرية،  رقم 8,0
شارع ، كرموز،  رقم 50,0
شارع البحر، الجمرك،  رقم 18,0
شارع العربي، المعمورة،  رقم 21,0
شارع الفتح، اللبان،  رقم 99,0
شارع العربي، العطارين،  رقم 5,0
شارع الفتح، العجمي،  رقم 90,0
شارع السلام، أبو قير،  رقم 85,0
شارع الفتح، السيدة زينب،  رقم 28,0
شارع الشهداء، الرملة،  رقم 5,0
شارع البحر، العطارين،  رقم 13,0
شارع السلام، كرموز،  رقم 27,0
شارع البحر، المنتزه،  رقم 82,0
شارع الشهداء، الإسكندرية،  رقم 18,0
شارع الفتح، منشية البكري،  رقم 8,0
شارع العربي، السيوف،  رقم 50,0
شارع الفتح، الساحل الشمالي،  رقم 7,0
شارع السلام، سموحة،  رقم 33,0
شارع السلام، الإسكندرية،  رقم 32,0
شارع ، العصافرة،  رقم 31,0
شارع البحر، الساحل الشمالي،  رقم 51,0
شارع الفتح، فلمنج،  رقم 65,0
شارع السلام، الساحل الشمالي،  رقم 41,0
شارع ، المنتزه،  رقم 37,0
شارع البحر، الجمرك،  رقم 48,0
شارع ، الرملة،  رقم 55,0
شارع البحر، برج العرب،  رقم 83,0
شارع السلام، العامرية،  رقم 90,0
شارع الفتح، الجمرك،  رقم 71,0
شارع الشهداء، المنتزه،  رقم 73,0
شارع العربي، سموحة،  رقم 48,0
شارع السلام، منشية البكري،  رقم 18,0
شارع العربي، السيدة زينب،  رقم 55,0
شارع السلام، العجمي،  رقم 31,0
شارع الفتح، الورديان،  رقم 25,0
شارع ، الورديان،  رقم 24,0
شارع الشهداء، المعمورة،  رقم 76,0
شارع ، سموحة،  رقم 17,0
شارع العربي، فلمنج،  رقم 55,0
شارع البحر، الجمرك،  رقم 54,0
شارع السلام، منشية البكري،  رقم 9,0
شارع الفتح، سموحة،  رقم 56,0
شارع ، الورديان،  رقم 94,0
شارع ، الجمرك،  رقم 32,0
شارع البحر، الدخيلة،  رقم 5,0
شارع البحر، المعمورة،  رقم 42,0
شارع الشهداء، كرموز،  رقم 18,0
شارع البحر، سموحة،  رقم 6,0
شارع العربي، السيوف،  رقم 77,0
شارع الفتح، برج العرب،  رقم 69,0
شارع البحر، السيدة زينب،  رقم 11,0
شارع السلام، منشية البكري،  رقم 88,0
شارع السلام، سموحة،  رقم 68,0
شارع ، العامرية البحرية،  رقم 47,0
شارع الشهداء، العامرية البحرية،  رقم 42,0
شارع البحر، سموحة،  رقم 5,0
شارع البحر، العامرية البحرية،  رقم 56,0
شارع ، كرموز،  رقم 88,0
شارع الفتح، برج العرب،  رقم 85,0
شارع ، منشية البكري،  رقم 24,0
شارع السلام، سموحة،  رقم 40,0
شارع الفتح، الورديان،  رقم 70,0
شارع العربي، المنتزه،  رقم 23,0
شارع ، سموحة،  رقم 55,0
شارع السلام، الرملة،  رقم 46,0
شارع الفتح، سموحة،  رقم 80,0
شارع العربي، العجمي،  رقم 58,0
شارع الفتح، العامرية،  رقم 10,0
شارع ، العصافرة،  رقم 72,0
شارع العربي، السيوف،  رقم 49,0
شارع البحر، برج العرب،  رقم 61,0
شارع السلام، برج العرب،  رقم 30,0
شارع ، المنتزه،  رقم 71,0
شارع العربي، العجمي،  رقم 75,0
شارع البحر، العامرية،  رقم 38,0
شارع ، برج العرب،  رقم 7,0
شارع الشهداء، منشية البكري،  رقم 15,0
شارع السلام، اللبان،  رقم 80,0
شارع البحر، العطارين،  رقم 12,0
شارع ، الورديان،  رقم 98,0
شارع الشهداء، أبو قير،  رقم 38,0
شارع السلام، العجمي،  رقم 63,0
شارع السلام، الدخيلة،  رقم 65,0
شارع الشهداء، الرملة،  رقم 65,0
شارع السلام، المنتزه،  رقم 7,0
شارع السلام، العصافرة،  رقم 73,0
شارع الشهداء، الدخيلة،  رقم 57,0
شارع الفتح، السيوف،  رقم 97,0
شارع العربي، السيوف،  رقم 21,0
شارع السلام، أبو قير،  رقم 21,0
شارع البحر، الورديان،  رقم 46,0
شارع الفتح، الإسكندرية،  رقم 38,0
شارع البحر، أبو قير،  رقم 56,0
شارع الفتح، العطارين،  رقم 92,0
شارع ، الجمرك،  رقم 6,0
شارع ، الرملة،  رقم 74,0
شارع الفتح، المنتزه،  رقم 77,0
شارع البحر، سموحة،  رقم 73,0
شارع البحر، الإسكندرية،  رقم 23,0
شارع السلام، المنتزه،  رقم 65,0
شارع ، برج العرب،  رقم 40,0
شارع البحر، كرموز،  رقم 29,0
شارع الشهداء، الرملة،  رقم 82,0
شارع العربي، الإسكندرية،  رقم 18,0
شارع السلام، العصافرة،  رقم 31,0
شارع الشهداء، الورديان،  رقم 39,0
شارع ، الدخيلة،  رقم 25,0
شارع العربي، العصافرة،  رقم 44,0
شارع ، العطارين،  رقم 86,0
شارع ، اللبان،  رقم 74,0
شارع الفتح، العجمي،  رقم 55,0
شارع البحر، اللبان،  رقم 77,0
شارع العربي، المنتزه،  رقم 61,0
شارع السلام، فلمنج،  رقم 80,0
شارع البحر، منشية البكري،  رقم 17,0
شارع البحر، الرملة،  رقم 8,0
شارع ، سموحة،  رقم 47,0
شارع العربي، الجمرك،  رقم 23,0
شارع الفتح، السيدة زينب،  رقم 55,0
شارع البحر، السيوف،  رقم 19,0
شارع الشهداء، فلمنج،  رقم 78,0
شارع ، المنتزه،  رقم 90,0
شارع البحر، العصافرة،  رقم 67,0
شارع الشهداء، كرموز،  رقم 25,0
شارع ، الجمرك،  رقم 52,0
شارع السلام، الإسكندرية،  رقم 67,0
شارع الفتح، فلمنج،  رقم 12,0
شارع الفتح، الساحل الشمالي،  رقم 36,0
شارع السلام، العصافرة،  رقم 56,0
شارع البحر، سموحة،  رقم 9,0
شارع البحر، العصافرة،  رقم 21,0
شارع البحر، العصافرة،  رقم 78,0
شارع السلام، الدخيلة،  رقم 7,0
شارع الفتح، العجمي،  رقم 52,0
شارع السلام، العطارين،  رقم 9,0
شارع العربي، العجمي،  رقم 11,0
شارع الفتح، منشية البكري،  رقم 89,0
شارع ، سموحة،  رقم 66,0
شارع ، برج العرب،  رقم 7,0
شارع السلام، العطارين،  رقم 45,0
شارع العربي، الدخيلة،  رقم 18,0
شارع الفتح، العامرية،  رقم 89,0
شارع السلام، العجمي،  رقم 49,0
شارع السلام، العامرية البحرية،  رقم 57,0
شارع العربي، أبو قير،  رقم 69,0
شارع الفتح، الورديان،  رقم 33,0
شارع الشهداء، كرموز،  رقم 38,0
شارع العربي، الساحل الشمالي،  رقم 92,0
شارع العربي، العامرية،  رقم 89,0
شارع الشهداء، كرموز،  رقم 15,0
شارع الفتح، الإسكندرية،  رقم 91,0
شارع البحر، برج العرب،  رقم 95,0
شارع السلام، الورديان،  رقم 77,0
شارع البحر، الدخيلة،  رقم 67,0
شارع البحر، المعمورة،  رقم 51,0
شارع ، العجمي،  رقم 72,0
شارع الشهداء، العطارين،  رقم 27,0
شارع الفتح، العامرية،  رقم 12,0
شارع السلام، الساحل الشمالي،  رقم 94,0
شارع السلام، كرموز،  رقم 28,0
شارع السلام، المنتزه،  رقم 36,0
شارع الشهداء، السيوف،  رقم 98,0
شارع العربي، سموحة،  رقم 27,0
شارع ، الإسكندرية،  رقم 38,0
شارع العربي، منشية البكري،  رقم 24,0
شارع الفتح، الإسكندرية،  رقم 65,0
شارع السلام، الساحل الشمالي،  رقم 21,0
شارع الفتح، المعمورة،  رقم 35,0
شارع الفتح، المعمورة،  رقم 60,0
شارع الفتح، العامرية البحرية،  رقم 29,0
شارع الشهداء، فلمنج،  رقم 9,0
شارع البحر، كرموز،  رقم 69,0
شارع العربي، كرموز،  رقم 79,0
شارع الفتح، العصافرة،  رقم 93,0
شارع الشهداء، سموحة،  رقم 85,0
شارع الفتح، السيوف،  رقم 96,0
شارع العربي، الرملة،  رقم 51,0
شارع السلام، الجمرك،  رقم 36,0
شارع السلام، العجمي،  رقم 9,0
شارع البحر، كرموز،  رقم 49,0
شارع الفتح، العامرية البحرية،  رقم 99,0
شارع ، المنتزه،  رقم 32,0
شارع الشهداء، الرملة،  رقم 27,0
شارع الفتح، سموحة،  رقم 16,0
شارع العربي، الجمرك،  رقم 63,0
شارع العربي، الجمرك،  رقم 13,0
شارع ، كرموز،  رقم 13,0
شارع البحر، العامرية،  رقم 19,0
شارع الشهداء، فلمنج،  رقم 33,0
شارع العربي، الجمرك،  رقم 31,0
شارع السلام، العجمي،  رقم 24,0
شارع ، السيوف،  رقم 99,0
شارع السلام، برج العرب،  رقم 21,0
شارع ، السيدة زينب،  رقم 9,0
شارع الشهداء، المنتزه،  رقم 76,0
شارع ، العامرية،  رقم 47,0
شارع العربي، الساحل الشمالي،  رقم 3,0
شارع البحر، المعمورة،  رقم 50,0
شارع السلام، الجمرك،  رقم 9,0
شارع العربي، الجمرك،  رقم 65,0
شارع ، المنتزه،  رقم 49,0
شارع العربي، الدخيلة،  رقم 89,0
شارع السلام، العطارين،  رقم 90,0
شارع ، أبو قير،  رقم 68,0
شارع السلام، اللبان،  رقم 59,0
شارع السلام، فلمنج،  رقم 14,0
شارع البحر، برج العرب،  رقم 66,0
شارع العربي، سموحة،  رقم 47,0
شارع الشهداء، كرموز،  رقم 25,0
شارع ، الرملة،  رقم 87,0
شارع البحر، العجمي،  رقم 81,0
شارع السلام، السيدة زينب،  رقم 37,0
شارع العربي، العصافرة،  رقم 39,0
شارع ، الجمرك،  رقم 43,0
شارع الفتح، الرملة،  رقم 55,0
شارع العربي، أكتوبر،  رقم 69,0
شارع السلام، العياط،  رقم 51,0
شارع ، الصف الأعلى،  رقم 67,0
شارع العربي، الزمالك،  رقم 48,0
شارع ، الشيخ زايد،  رقم 13,0
شارع ، منشية القناطر،  رقم 14,0
شارع الفتح، العشار،  رقم 72,0
شارع الفتح، العياط،  رقم 25,0
شارع البحر، منشية القناطر،  رقم 95,0
شارع الفتح، العشار،  رقم 20,0
شارع الفتح، طه حسين،  رقم 4,0
شارع السلام، البدرشين،  رقم 42,0
شارع الفتح، الوراق،  رقم 35,0
شارع الفتح، العمرانية،  رقم 72,0
شارع الشهداء، العشار،  رقم 15,0
شارع السلام، الصف،  رقم 14,0
شارع ، الحصري،  رقم 81,0
شارع العربي، الحصري،  رقم 58,0
شارع الشهداء، العمرانية،  رقم 81,0
شارع ، العشار،  رقم 48,0
شارع البحر، العياط،  رقم 28,0
شارع الفتح، الصف الأعلى،  رقم 70,0
شارع البحر، الصف،  رقم 94,0
شارع الشهداء، الصف،  رقم 15,0
شارع العربي، أطفيح،  رقم 72,0
شارع البحر، الشيخ زايد،  رقم 90,0
شارع الفتح، منشية القناطر،  رقم 56,0
شارع الشهداء، الصف الأعلى،  رقم 66,0
شارع الشهداء، العياط،  رقم 97,0
شارع العربي، أطفيح،  رقم 43,0
شارع ، أكتوبر،  رقم 31,0
شارع السلام، العياط،  رقم 14,0
شارع السلام، العشار،  رقم 8,0
شارع العربي، الوراق،  رقم 10,0
شارع السلام، الإسماعيلية،  رقم 89,0
شارع العربي، الصف الأعلى،  رقم 81,0
شارع العربي، الحوامدية،  رقم 30,0
شارع الشهداء، البدرشين،  رقم 92,0
شارع السلام، الإسماعيلية،  رقم 57,0
شارع العربي، الجيزة،  رقم 56,0
شارع البحر، طه حسين،  رقم 6,0
شارع الفتح، الباويطى،  رقم 72,0
شارع العربي، أكتوبر،  رقم 10,0
شارع السلام، الباويطى،  رقم 94,0
شارع الفتح، البدرشين،  رقم 47,0
شارع البحر، طه حسين،  رقم 21,0
شارع العربي، الشيخ زايد،  رقم 81,0
شارع السلام، الإسماعيلية،  رقم 94,0
شارع البحر، أطفيح،  رقم 56,0
شارع البحر، البدرشين،  رقم 84,0
شارع العربي، الشيخ زايد،  رقم 12,0
شارع الشهداء، أوسيم،  رقم 75,0
شارع الفتح، العياط،  رقم 94,0
شارع الفتح، الباويطى،  رقم 1,0
شارع ، الباويطى،  رقم 86,0
شارع الفتح، الصف الأعلى،  رقم 27,0
شارع الشهداء، كرداسة،  رقم 25,0
شارع السلام، الزمالك،  رقم 42,0
شارع ، الإسماعيلية،  رقم 13,0
شارع ، الوراق،  رقم 40,0
شارع الفتح، الأميرية،  رقم 27,0
شارع السلام، إمبابة،  رقم 87,0
شارع الشهداء، الحوامدية،  رقم 1,0
شارع الفتح، طه حسين،  رقم 9,0
شارع الشهداء، الصف،  رقم 43,0
شارع ، الوراق،  رقم 36,0
شارع السلام، البدرشين،  رقم 32,0
شارع الفتح، العياط،  رقم 70,0
شارع البحر، الجيزة،  رقم 68,0
شارع ، الأميرية،  رقم 27,0
شارع البحر، الصف،  رقم 38,0
شارع الفتح، أطفيح،  رقم 98,0
شارع العربي، إمبابة،  رقم 64,0
شارع الفتح، كرداسة،  رقم 15,0
شارع البحر، الزمالك،  رقم 66,0
شارع البحر، الأميرية،  رقم 90,0
شارع العربي، الزمالك،  رقم 60,0
شارع الفتح، الحصري،  رقم 16,0
شارع الشهداء، الحوامدية،  رقم 11,0
شارع السلام، العمرانية،  رقم 23,0
شارع البحر، الجيزة،  رقم 35,0
شارع الشهداء، طه حسين،  رقم 44,0
شارع الفتح، منشية القناطر،  رقم 51,0
شارع الشهداء، الصف الأعلى،  رقم 40,0
شارع السلام، العياط،  رقم 75,0
شارع ، الحصري،  رقم 89,0
شارع ، الباويطى،  رقم 13,0
شارع البحر، أوسيم،  رقم 61,0
شارع الشهداء، طه حسين،  رقم 50,0
شارع البحر، أكتوبر،  رقم 77,0
شارع ، العمرانية،  رقم 42,0
شارع السلام، البدرشين،  رقم 20,0
شارع الفتح، الشيخ زايد،  رقم 22,0
شارع العربي، الحصري،  رقم 89,0
شارع الشهداء، الحوامدية،  رقم 47,0
شارع الفتح، الصف الأعلى،  رقم 23,0
شارع البحر، الحصري،  رقم 61,0
شارع الفتح، طه حسين،  رقم 28,0
شارع العربي، الصف،  رقم 68,0
شارع الشهداء، الجيزة،  رقم 81,0
شارع السلام، الأميرية،  رقم 57,0
شارع السلام، الجيزة،  رقم 25,0
شارع البحر، الأميرية،  رقم 45,0
شارع الفتح، الصف،  رقم 84,0
شارع البحر، الباويطى،  رقم 100,0
شارع الشهداء، الحصري،  رقم 65,0
شارع الشهداء، العياط،  رقم 59,0
شارع ، إمبابة،  رقم 74,0
شارع ، إمبابة،  رقم 66,0
شارع الشهداء، أكتوبر،  رقم 92,0
شارع ، الصف الأعلى،  رقم 100,0
شارع السلام، إمبابة،  رقم 21,0
شارع العربي، أطفيح،  رقم 66,0
شارع الشهداء، أوسيم،  رقم 13,0
شارع ، الجيزة،  رقم 97,0
شارع ، الحصري،  رقم 67,0
شارع الفتح، الحصري،  رقم 49,0
شارع العربي، الأميرية،  رقم 27,0
شارع العربي، كرداسة،  رقم 41,0
شارع البحر، الحوامدية،  رقم 15,0
شارع العربي، الأميرية،  رقم 15,0
شارع ، منشية القناطر،  رقم 85,0
شارع السلام، العشار،  رقم 28,0
شارع الفتح، الباويطى،  رقم 24,0
شارع العربي، الوراق،  رقم 57,0
شارع الفتح، الوراق،  رقم 83,0
شارع السلام، أطفيح،  رقم 17,0
شارع الفتح، الإسماعيلية،  رقم 65,0
شارع العربي، طه حسين،  رقم 19,0
شارع البحر، العمرانية،  رقم 35,0
شارع السلام، الوراق،  رقم 15,0
شارع السلام، منشية القناطر،  رقم 64,0
شارع البحر، الإسماعيلية،  رقم 93,0
شارع السلام، الباويطى،  رقم 73,0
شارع الشهداء، البدرشين،  رقم 20,0
شارع ، أكتوبر،  رقم 83,0
شارع البحر، الزمالك،  رقم 12,0
شارع العربي، طه حسين،  رقم 22,0
شارع السلام، الإسماعيلية،  رقم 35,0
شارع السلام، الأميرية،  رقم 71,0
شارع السلام، أطفيح،  رقم 11,0
شارع السلام، الصف،  رقم 63,0
شارع الفتح، الإسماعيلية،  رقم 71,0
شارع الفتح، أكتوبر،  رقم 26,0
شارع السلام، العشار،  رقم 21,0
شارع الفتح، الشيخ زايد،  رقم 97,0
شارع الفتح، الصف،  رقم 51,0
شارع العربي، منشية القناطر،  رقم 82,0
شارع العربي، الأميرية،  رقم 53,0
شارع الشهداء، العياط،  رقم 67,0
شارع الشهداء، الإسماعيلية،  رقم 77,0
شارع ، أكتوبر،  رقم 62,0
شارع البحر، الجيزة،  رقم 60,0
شارع السلام، البدرشين،  رقم 13,0
شارع ، كرداسة،  رقم 5,0
شارع ، كرداسة،  رقم 96,0
شارع الفتح، الجيزة،  رقم 82,0
شارع العربي، الجيزة،  رقم 60,0
شارع البحر، الحصري،  رقم 25,0
شارع العربي، الوراق،  رقم 78,0
شارع العربي، منشية القناطر،  رقم 28,0
شارع السلام، الباويطى،  رقم 77,0
شارع الشهداء، الصف،  رقم 44,0
شارع ، العياط،  رقم 52,0
شارع الفتح، الصف الأعلى،  رقم 71,0
شارع البحر، منشية القناطر،  رقم 59,0
شارع البحر، إمبابة،  رقم 83,0
شارع العربي، منشية القناطر،  رقم 19,0
شارع الشهداء، الزمالك،  رقم 40,0
شارع ، أكتوبر،  رقم 6,0
شارع البحر، الشيخ زايد،  رقم 22,0
شارع الشهداء، منشية القناطر،  رقم 28,0
شارع العربي، العشار،  رقم 73,0
شارع الفتح، العشار،  رقم 81,0
شارع السلام، الزمالك،  رقم 82,0
شارع الشهداء، الحوامدية،  رقم 14,0
شارع ، إمبابة،  رقم 6,0
شارع الفتح، العياط،  رقم 16,0
شارع الشهداء، الحصري،  رقم 59,0
شارع العربي، العشار،  رقم 29,0
شارع العربي، الباويطى،  رقم 72,0
شارع البحر، الزمالك،  رقم 84,0
شارع الفتح، الشيخ زايد،  رقم 55,0
شارع ، الجيزة،  رقم 46,0
شارع السلام، الجيزة،  رقم 59,0
شارع السلام، أطفيح،  رقم 87,0
شارع الشهداء، العشار،  رقم 78,0
شارع الفتح، الصف،  رقم 44,0
شارع البحر، العمرانية،  رقم 24,0
شارع الشهداء، كرداسة،  رقم 69,0
شارع الشهداء، الأميرية،  رقم 95,0
شارع الشهداء، الصف الأعلى،  رقم 1,0
شارع الفتح، العياط،  رقم 69,0
شارع العربي، الأميرية،  رقم 62,0
شارع الفتح، الشيخ زايد،  رقم 31,0
شارع السلام، كرداسة،  رقم 40,0
شارع السلام، أكتوبر،  رقم 24,0
شارع ، الباويطى،  رقم 49,0
شارع العربي، الزمالك،  رقم 23,0
شارع البحر، الباويطى،  رقم 44,0
شارع الفتح، طه حسين،  رقم 71,0
شارع الفتح، الأميرية،  رقم 35,0
شارع الشهداء، أكتوبر،  رقم 71,0
شارع ، أطفيح،  رقم 59,0
شارع ، أكتوبر،  رقم 2,0
شارع السلام، أطفيح،  رقم 93,0
شارع العربي، الزمالك،  رقم 30,0
شارع الشهداء، أوسيم،  رقم 72,0
شارع الشهداء، الباويطى،  رقم 23,0
شارع العربي، الحوامدية،  رقم 15,0
شارع ، الجيزة،  رقم 4,0
شارع الشهداء، منشية القناطر،  رقم 22,0
شارع البحر، الباويطى،  رقم 4,0
شارع ، أوسيم،  رقم 15,0
شارع السلام، الحصري،  رقم 42,0
شارع العربي، كرداسة،  رقم 54,0
شارع السلام، الحوامدية،  رقم 86,0
شارع الشهداء، الزمالك،  رقم 19,0
شارع السلام، منشية القناطر،  رقم 72,0
شارع البحر، البدرشين،  رقم 21,0
شارع ، الوراق،  رقم 59,0
شارع الفتح، أوسيم،  رقم 14,0
شارع العربي، كرداسة،  رقم 78,0
شارع ، الجيزة،  رقم 35,0
شارع العربي، الأميرية،  رقم 64,0
شارع السلام، طه حسين،  رقم 66,0
شارع الفتح، العمرانية،  رقم 91,0
شارع السلام، الجيزة،  رقم 3,0
شارع الشهداء، الصف،  رقم 100,0
شارع البحر، العشار،  رقم 30,0
شارع العربي، الزمالك،  رقم 76,0
شارع الشهداء، البدرشين،  رقم 96,0
شارع الشهداء، أكتوبر،  رقم 22,0
شارع ، إمبابة،  رقم 92,0
شارع البحر، إمبابة،  رقم 95,0
شارع ، العمرانية،  رقم 13,0
شارع السلام، الزمالك،  رقم 74,0
شارع السلام، الصف الأعلى،  رقم 36,0
شارع العربي، الصف،  رقم 21,0
شارع ، الصف،  رقم 83,0
شارع السلام، الشيخ زايد،  رقم 24,0
شارع ، أطفيح،  رقم 93,0
شارع السلام، كرداسة،  رقم 46,0
شارع ، الإسماعيلية،  رقم 15,0
شارع البحر، أطفيح،  رقم 28,0
شارع السلام، منشية القناطر،  رقم 63,0
شارع العربي، منشية القناطر،  رقم 25,0
شارع العربي، البدرشين،  رقم 38,0
شارع الفتح، العياط،  رقم 22,0
شارع الفتح، الحصري،  رقم 97,0
شارع ، البدرشين،  رقم 87,0
شارع البحر، العشار،  رقم 58,0
شارع البحر، العشار،  رقم 43,0
شارع العربي، أطفيح،  رقم 37,0
شارع العربي، الوراق،  رقم 69,0
شارع ، الجيزة،  رقم 91,0
شارع العربي، البدرشين،  رقم 34,0
شارع البحر، أطفيح،  رقم 39,0
شارع السلام، إمبابة،  رقم 61,0
شارع الفتح، أوسيم،  رقم 97,0
شارع ، الإسماعيلية،  رقم 16,0
شارع البحر، الوراق،  رقم 99,0
شارع ، أوسيم،  رقم 31,0
شارع العربي، الجيزة،  رقم 70,0
شارع البحر، أطفيح،  رقم 18,0
شارع العربي، أكتوبر،  رقم 13,0
شارع العربي، الشيخ زايد،  رقم 6,0
شارع السلام، منشية القناطر،  رقم 67,0
شارع الشهداء، الجيزة،  رقم 48,0
شارع الفتح، كرداسة،  رقم 31,0
شارع ، الحوامدية،  رقم 54,0
شارع الفتح، أكتوبر،  رقم 6,0
شارع السلام، أطفيح،  رقم 61,0
شارع ، أكتوبر،  رقم 11,0
شارع ، أطفيح،  رقم 37,0
شارع العربي، الجيزة،  رقم 19,0
شارع الشهداء، الباويطى،  رقم 88,0
شارع الشهداء، الأميرية،  رقم 64,0
شارع البحر، الصف الأعلى،  رقم 89,0
شارع العربي، البدرشين،  رقم 99,0
شارع السلام، أوسيم،  رقم 26,0
شارع العربي، الصف،  رقم 42,0
شارع الفتح، الجيزة،  رقم 38,0
شارع ، البدرشين،  رقم 15,0
شارع البحر، كرداسة،  رقم 15,0
شارع الفتح، كرداسة،  رقم 74,0
شارع الشهداء، الإسماعيلية،  رقم 62,0
شارع البحر، أكتوبر،  رقم 84,0
شارع البحر، أكتوبر،  رقم 80,0
شارع العربي، أطفيح،  رقم 86,0
شارع العربي، منشية القناطر،  رقم 68,0
شارع ، الشيخ زايد،  رقم 31,0
شارع ، البدرشين،  رقم 45,0
شارع السلام، البدرشين،  رقم 24,0
شارع الفتح، الحوامدية،  رقم 45,0
شارع ، أطفيح،  رقم 99,0
شارع السلام، الأميرية،  رقم 9,0
شارع العربي، العمرانية،  رقم 60,0
شارع العربي، الصف،  رقم 8,0
شارع العربي، الباويطى،  رقم 4,0
شارع السلام، طه حسين،  رقم 43,0
شارع الشهداء، منشية القناطر،  رقم 19,0
شارع ، الحصري،  رقم 68,0
شارع البحر، الحوامدية،  رقم 59,0
شارع البحر، أكتوبر،  رقم 87,0
شارع ، كرداسة،  رقم 11,0
شارع السلام، منشية القناطر،  رقم 29,0
شارع ، طه حسين،  رقم 49,0
شارع البحر، الوراق،  رقم 3,0
شارع البحر، طه حسين،  رقم 67,0
شارع ، الصف،  رقم 43,0
شارع السلام، الشيخ زايد،  رقم 12,0
شارع الفتح، الأميرية،  رقم 38,0
شارع السلام، الصف الأعلى،  رقم 43,0
شارع الشهداء، العياط،  رقم 89,0
شارع الفتح، الأميرية،  رقم 98,0
شارع ، الجيزة،  رقم 56,0
شارع البحر، العياط،  رقم 80,0
شارع العربي، إمبابة،  رقم 39,0
شارع السلام، الباويطى،  رقم 82,0
شارع السلام، الإسماعيلية،  رقم 46,0
شارع الفتح، البدرشين،  رقم 60,0
شارع السلام، أطفيح،  رقم 84,0
شارع ، كرداسة،  رقم 17,0
شارع الشهداء، الباويطى،  رقم 33,0
شارع البحر، الإسماعيلية،  رقم 20,0
شارع ، أكتوبر،  رقم 58,0
شارع ، طه حسين،  رقم 28,0
شارع العربي، طه حسين،  رقم 30,0
شارع الشهداء، العمرانية،  رقم 77,0
شارع البحر، العشار،  رقم 7,0
شارع البحر، العياط،  رقم 5,0
شارع الفتح، إمبابة،  رقم 51,0
شارع البحر، العشار،  رقم 47,0
شارع البحر، العمرانية،  رقم 26,0
شارع السلام، العياط،  رقم 54,0
شارع ، البدرشين،  رقم 15,0
شارع الشهداء، الحوامدية،  رقم 45,0
شارع البحر، إمبابة،  رقم 2,0
شارع البحر، الباويطى،  رقم 78,0
شارع ، أوسيم،  رقم 73,0
شارع السلام، الصف الأعلى،  رقم 46,0
شارع العربي، الوراق،  رقم 8,0
شارع البحر، البدرشين،  رقم 79,0
شارع الشهداء، العشار،  رقم 26,0
شارع الشهداء، البدرشين،  رقم 8,0
شارع ، العمرانية،  رقم 8,0
شارع السلام، طه حسين،  رقم 16,0
شارع الفتح، منشية القناطر،  رقم 4,0
شارع الشهداء، الإسماعيلية،  رقم 4,0
شارع البحر، أطفيح،  رقم 82,0
شارع العربي، العمرانية،  رقم 46,0
شارع الشهداء، إمبابة،  رقم 86,0
شارع الشهداء، العشار،  رقم 39,0
شارع ، الصف الأعلى،  رقم 56,0
شارع السلام، الحوامدية،  رقم 86,0
شارع البحر، منشية القناطر،  رقم 27,0
شارع الفتح، الأميرية،  رقم 85,0
شارع ، الباويطى،  رقم 31,0
شارع الفتح، كرداسة،  رقم 61,0
شارع الفتح، طه حسين،  رقم 24,0
شارع الفتح، كرداسة،  رقم 74,0
شارع الفتح، أطفيح،  رقم 13,0
شارع الشهداء، الوراق،  رقم 1,0
شارع الفتح، كرداسة،  رقم 52,0
شارع ، إمبابة،  رقم 42,0
شارع الشهداء، البدرشين،  رقم 8,0
شارع ، العمرانية،  رقم 91,0
شارع البحر، الزمالك،  رقم 80,0
شارع ، العياط،  رقم 6,0
شارع الفتح، الحوامدية،  رقم 79,0
شارع السلام، العمرانية،  رقم 11,0
شارع ، الباويطى،  رقم 31,0
شارع الفتح، الحصري،  رقم 87,0
شارع الشهداء، كرداسة،  رقم 40,0
شارع ، الحصري،  رقم 95,0
شارع العربي، الصف الأعلى،  رقم 81,0
شارع البحر، كرداسة،  رقم 88,0
شارع السلام، العمرانية،  رقم 77,0
شارع ، الزمالك،  رقم 8,0
شارع العربي، الحصري،  رقم 11,0
شارع الشهداء، الوراق،  رقم 8,0
شارع الشهداء، طه حسين،  رقم 10,0
شارع البحر، إمبابة،  رقم 48,0
شارع السلام، الباويطى،  رقم 61,0
شارع ، الحصري،  رقم 11,0
شارع الفتح، الوراق،  رقم 68,0
شارع ، الوراق،  رقم 91,0
شارع ، العياط،  رقم 42,0
شارع السلام، العمرانية،  رقم 11,0
شارع العربي، الشيخ زايد،  رقم 44,0
شارع العربي، الوراق،  رقم 25,0
شارع الشهداء، العشار،  رقم 98,0
شارع البحر، البدرشين،  رقم 79,0
شارع الشهداء، الصف،  رقم 40,0
شارع الفتح، الزمالك،  رقم 28,0
شارع الشهداء، العمرانية،  رقم 40,0
شارع الفتح، أطفيح،  رقم 4,0
شارع البحر، طه حسين،  رقم 48,0
شارع العربي، الوراق،  رقم 76,0
شارع الفتح، الصف الأعلى،  رقم 17,0
شارع الفتح، الحصري،  رقم 46,0
شارع البحر، أكتوبر،  رقم 68,0
شارع الفتح، طه حسين،  رقم 1,0
شارع البحر، الوراق،  رقم 79,0
شارع ، الإسماعيلية،  رقم 68,0
شارع الشهداء، أطفيح،  رقم 75,0
شارع الشهداء، طه حسين،  رقم 59,0
شارع الفتح، الحوامدية،  رقم 7,0
شارع الشهداء، الصف،  رقم 11,0
شارع الفتح، كرداسة،  رقم 88,0
شارع البحر، الأميرية،  رقم 52,0
شارع العربي، العشار،  رقم 29,0
شارع ، البدرشين،  رقم 85,0
شارع ، الجيزة،  رقم 7,0
شارع السلام، منشية القناطر،  رقم 38,0
شارع ، الصف،  رقم 77,0
شارع الفتح، الحوامدية،  رقم 2,0
شارع السلام، الوراق،  رقم 53,0
شارع ، أوسيم،  رقم 49,0
شارع العربي، طه حسين،  رقم 56,0
شارع ، الصف،  رقم 96,0
شارع العربي، الوراق،  رقم 16,0
شارع الفتح، الوراق،  رقم 66,0
شارع الشهداء، العشار،  رقم 38,0
شارع الفتح، الوراق،  رقم 63,0
شارع الشهداء، البدرشين،  رقم 78,0
شارع الفتح، أوسيم،  رقم 67,0
شارع الفتح، أوسيم،  رقم 39,0
شارع العربي، الزمالك،  رقم 83,0
شارع العربي، الجيزة،  رقم 84,0
شارع البحر، إمبابة،  رقم 39,0
شارع الفتح، إمبابة،  رقم 20,0
شارع العربي، الزمالك،  رقم 46,0
شارع البحر، العياط،  رقم 36,0
شارع البحر، أوسيم،  رقم 37,0
شارع البحر، أكتوبر،  رقم 75,0
شارع العربي، كرداسة،  رقم 15,0
شارع السلام، أطفيح،  رقم 70,0
شارع الشهداء، أطفيح،  رقم 88,0
شارع العربي، العشار،  رقم 6,0
شارع السلام، منشية القناطر،  رقم 70,0
شارع الفتح، الصف الأعلى،  رقم 79,0
شارع العربي، كرداسة،  رقم 81,0
شارع الشهداء، البدرشين،  رقم 31,0
شارع ، العمرانية،  رقم 94,0
شارع الفتح، الحوامدية،  رقم 40,0
شارع البحر، كرداسة،  رقم 3,0
شارع العربي، الحصري،  رقم 69,0
شارع السلام، الأميرية،  رقم 94,0
شارع الفتح، الوراق،  رقم 21,0
شارع البحر، الصف الأعلى،  رقم 96,0
شارع الشهداء، الأميرية،  رقم 84,0
شارع الشهداء، الصف،  رقم 60,0
شارع السلام، الوراق،  رقم 45,0
شارع السلام، كرداسة،  رقم 62,0
شارع البحر، العمرانية،  رقم 91,0
شارع ، الأميرية،  رقم 98,0
شارع ، العشار،  رقم 41,0
شارع العربي، الإسماعيلية،  رقم 75,0
شارع البحر، الحصري،  رقم 42,0
شارع الفتح، العياط،  رقم 3,0
شارع السلام، الأميرية،  رقم 35,0
شارع الشهداء، العياط،  رقم 10,0
شارع ، العياط،  رقم 57,0
شارع الشهداء، أوسيم،  رقم 63,0
شارع البحر، طه حسين،  رقم 67,0
شارع البحر، البدرشين،  رقم 85,0
شارع البحر، الصف،  رقم 97,0
شارع الفتح، إمبابة،  رقم 93,0
شارع البحر، الحصري،  رقم 2,0
شارع البحر، طه حسين،  رقم 70,0
شارع البحر، الإسماعيلية،  رقم 67,0
شارع الفتح، الوراق،  رقم 43,0
شارع السلام، الجيزة،  رقم 22,0
شارع الشهداء، كرداسة،  رقم 46,0
شارع ، أكتوبر،  رقم 59,0
شارع ، العمرانية،  رقم 41,0
شارع السلام، الجيزة،  رقم 38,0
شارع السلام، طه حسين،  رقم 53,0
شارع العربي، الإسماعيلية،  رقم 73,0
شارع العربي، الجيزة،  رقم 24,0
شارع الشهداء، الجيزة،  رقم 64,0
شارع الشهداء، أوسيم،  رقم 28,0
شارع العربي، إمبابة،  رقم 19,0
شارع العربي، الإسماعيلية،  رقم 68,0
شارع البحر، العياط،  رقم 32,0
شارع البحر، أكتوبر،  رقم 35,0
شارع الشهداء، الصف الأعلى،  رقم 54,0
شارع ، الشيخ زايد،  رقم 71,0
شارع العربي، الأميرية،  رقم 61,0
شارع البحر، الحصري،  رقم 19,0
شارع العربي، طه حسين،  رقم 60,0
شارع الفتح، منشية القناطر،  رقم 87,0
شارع العربي، أطفيح،  رقم 63,0
شارع العربي، البدرشين،  رقم 59,0
شارع ، الزمالك،  رقم 100,0
شارع الشهداء، الحصري،  رقم 83,0
شارع الشهداء، الصف،  رقم 25,0
شارع الفتح، الأميرية،  رقم 92,0
